ano_ocorrencia,mes_ocorrencia,distrito_geosampa,subtracoes_total,roubos,furtos
2025,1,AGUA RASA,33,17,16
2025,1,ALTO DE PINHEIROS,42,11,31
2025,1,ANHANGUERA,27,13,14
2025,1,ARICANDUVA,51,41,11
2025,1,ARTUR ALVIM,52,30,22
2025,1,BARRA FUNDA,163,52,111
2025,1,BELA VISTA,252,59,193
2025,1,BELEM,84,28,56
2025,1,BOM RETIRO,275,51,224
2025,1,BRAS,262,70,192
2025,1,BRASILANDIA,91,45,46
2025,1,BUTANTA,108,42,66
2025,1,CACHOEIRINHA,51,20,31
2025,1,CAMBUCI,79,21,58
2025,1,CAMPO BELO,60,27,33
2025,1,CAMPO GRANDE,51,25,26
2025,1,CAMPO LIMPO,182,134,48
2025,1,CANGAIBA,42,22,20
2025,1,CAPAO REDONDO,216,154,62
2025,1,CARRAO,57,26,31
2025,1,CASA VERDE,63,18,45
2025,1,CIDADE ADEMAR,99,53,46
2025,1,CIDADE DUTRA,87,43,44
2025,1,CIDADE LIDER,76,56,20
2025,1,CIDADE TIRADENTES,113,83,30
2025,1,CONSOLACAO,378,71,307
2025,1,CURSINO,84,46,38
2025,1,ERMELINO MATARAZZO,38,26,12
2025,1,FREGUESIA DO O,70,36,34
2025,1,GRAJAU,174,123,51
2025,1,GUAIANASES,93,62,31
2025,1,IGUATEMI,61,46,15
2025,1,IPIRANGA,207,96,111
2025,1,ITAIM BIBI,252,88,165
2025,1,ITAIM PAULISTA,125,83,42
2025,1,ITAQUERA,145,93,52
2025,1,JABAQUARA,108,63,45
2025,1,JACANA,48,29,19
2025,1,JAGUARA,17,6,11
2025,1,JAGUARE,26,5,21
2025,1,JARAGUA,68,44,24
2025,1,JARDIM ANGELA,124,90,34
2025,1,JARDIM HELENA,33,18,15
2025,1,JARDIM PAULISTA,177,57,120
2025,1,JARDIM SAO LUIS,152,89,63
2025,1,JOSE BONIFACIO,51,27,24
2025,1,LAJEADO,134,105,29
2025,1,LAPA,155,43,112
2025,1,LIBERDADE,186,32,154
2025,1,LIMAO,74,33,41
2025,1,MANDAQUI,41,26,15
2025,1,MARSILAC,1,1,0
2025,1,MOEMA,117,35,82
2025,1,MOOCA,81,20,61
2025,1,MORUMBI,62,36,26
2025,1,PARELHEIROS,53,34,19
2025,1,PARI,69,17,52
2025,1,PARQUE DO CARMO,62,39,23
2025,1,PEDREIRA,63,52,11
2025,1,PENHA,82,43,39
2025,1,PERDIZES,105,37,68
2025,1,PERUS,35,15,20
2025,1,PINHEIROS,384,136,248
2025,1,PIRITUBA,89,48,41
2025,1,PONTE RASA,38,21,17
2025,1,RAPOSO TAVARES,33,24,9
2025,1,REPUBLICA,414,143,271
2025,1,RIO PEQUENO,53,34,19
2025,1,SACOMA,117,76,41
2025,1,SANTA CECILIA,303,78,225
2025,1,SANTANA,257,80,177
2025,1,SANTO AMARO,198,74,124
2025,1,SAO DOMINGOS,47,25,22
2025,1,SAO LUCAS,104,87,18
2025,1,SAO MATEUS,159,115,44
2025,1,SAO MIGUEL,96,45,51
2025,1,SAO RAFAEL,42,35,7
2025,1,SAPOPEMBA,136,105,31
2025,1,SAUDE,111,63,48
2025,1,SE,338,101,237
2025,1,SOCORRO,45,24,21
2025,1,TATUAPE,125,43,83
2025,1,TREMEMBE,63,33,30
2025,1,TUCURUVI,53,30,23
2025,1,VILA ANDRADE,72,42,30
2025,1,VILA CURUCA,74,49,25
2025,1,VILA FORMOSA,31,15,16
2025,1,VILA GUILHERME,58,18,41
2025,1,VILA JACUI,74,49,25
2025,1,VILA LEOPOLDINA,35,11,24
2025,1,VILA MARIA,82,47,35
2025,1,VILA MARIANA,170,53,117
2025,1,VILA MATILDE,66,34,32
2025,1,VILA MEDEIROS,45,22,23
2025,1,VILA PRUDENTE,109,68,41
2025,1,VILA SONIA,57,34,23
2025,2,AGUA RASA,45,23,22
2025,2,ALTO DE PINHEIROS,60,19,41
2025,2,ANHANGUERA,28,14,14
2025,2,ARICANDUVA,50,32,18
2025,2,ARTUR ALVIM,49,26,23
2025,2,BARRA FUNDA,328,91,237
2025,2,BELA VISTA,263,59,204
2025,2,BELEM,95,23,72
2025,2,BOM RETIRO,200,49,152
2025,2,BRAS,198,38,160
2025,2,BRASILANDIA,94,52,42
2025,2,BUTANTA,123,54,69
2025,2,CACHOEIRINHA,66,20,46
2025,2,CAMBUCI,85,32,53
2025,2,CAMPO BELO,74,40,34
2025,2,CAMPO GRANDE,53,26,27
2025,2,CAMPO LIMPO,162,125,37
2025,2,CANGAIBA,63,36,27
2025,2,CAPAO REDONDO,209,158,51
2025,2,CARRAO,38,24,14
2025,2,CASA VERDE,82,25,57
2025,2,CIDADE ADEMAR,100,49,51
2025,2,CIDADE DUTRA,110,56,54
2025,2,CIDADE LIDER,56,38,19
2025,2,CIDADE TIRADENTES,90,52,38
2025,2,CONSOLACAO,398,94,304
2025,2,CURSINO,97,48,49
2025,2,ERMELINO MATARAZZO,49,36,13
2025,2,FREGUESIA DO O,89,39,50
2025,2,GRAJAU,138,84,54
2025,2,GUAIANASES,92,56,36
2025,2,IGUATEMI,50,36,14
2025,2,IPIRANGA,192,94,98
2025,2,ITAIM BIBI,271,96,175
2025,2,ITAIM PAULISTA,88,53,35
2025,2,ITAQUERA,203,88,115
2025,2,JABAQUARA,139,75,64
2025,2,JACANA,52,24,28
2025,2,JAGUARA,22,12,10
2025,2,JAGUARE,21,15,6
2025,2,JARAGUA,64,43,21
2025,2,JARDIM ANGELA,134,93,41
2025,2,JARDIM HELENA,37,18,19
2025,2,JARDIM PAULISTA,170,59,111
2025,2,JARDIM SAO LUIS,137,86,51
2025,2,JOSE BONIFACIO,48,31,17
2025,2,LAJEADO,82,47,35
2025,2,LAPA,143,48,95
2025,2,LIBERDADE,162,36,126
2025,2,LIMAO,72,31,41
2025,2,MANDAQUI,26,12,14
2025,2,MARSILAC,3,3,0
2025,2,MOEMA,154,48,106
2025,2,MOOCA,105,22,83
2025,2,MORUMBI,109,31,78
2025,2,PARELHEIROS,33,21,12
2025,2,PARI,109,33,76
2025,2,PARQUE DO CARMO,49,30,19
2025,2,PEDREIRA,39,26,13
2025,2,PENHA,72,41,31
2025,2,PERDIZES,142,44,98
2025,2,PERUS,71,30,41
2025,2,PINHEIROS,516,173,343
2025,2,PIRITUBA,95,46,49
2025,2,PONTE RASA,34,17,17
2025,2,RAPOSO TAVARES,36,28,8
2025,2,REPUBLICA,493,155,338
2025,2,RIO PEQUENO,70,42,28
2025,2,SACOMA,108,76,32
2025,2,SANTA CECILIA,310,85,226
2025,2,SANTANA,269,65,204
2025,2,SANTO AMARO,253,79,174
2025,2,SAO DOMINGOS,27,18,9
2025,2,SAO LUCAS,64,51,13
2025,2,SAO MATEUS,137,87,50
2025,2,SAO MIGUEL,72,31,41
2025,2,SAO RAFAEL,69,54,15
2025,2,SAPOPEMBA,89,64,25
2025,2,SAUDE,97,52,45
2025,2,SE,311,89,223
2025,2,SOCORRO,43,26,17
2025,2,TATUAPE,167,61,107
2025,2,TREMEMBE,66,25,41
2025,2,TUCURUVI,52,14,38
2025,2,VILA ANDRADE,76,53,23
2025,2,VILA CURUCA,50,31,19
2025,2,VILA FORMOSA,41,18,23
2025,2,VILA GUILHERME,77,18,59
2025,2,VILA JACUI,92,59,33
2025,2,VILA LEOPOLDINA,62,26,36
2025,2,VILA MARIA,90,46,44
2025,2,VILA MARIANA,197,59,138
2025,2,VILA MATILDE,94,61,33
2025,2,VILA MEDEIROS,28,10,18
2025,2,VILA PRUDENTE,109,67,42
2025,2,VILA SONIA,71,44,27
2025,3,AGUA RASA,39,21,18
2025,3,ALTO DE PINHEIROS,44,19,25
2025,3,ANHANGUERA,33,15,18
2025,3,ARICANDUVA,39,24,15
2025,3,ARTUR ALVIM,90,39,51
2025,3,BARRA FUNDA,344,107,237
2025,3,BELA VISTA,314,69,245
2025,3,BELEM,160,46,114
2025,3,BOM RETIRO,263,66,197
2025,3,BRAS,218,57,161
2025,3,BRASILANDIA,92,50,42
2025,3,BUTANTA,127,64,63
2025,3,CACHOEIRINHA,60,18,42
2025,3,CAMBUCI,91,25,66
2025,3,CAMPO BELO,57,27,30
2025,3,CAMPO GRANDE,85,47,38
2025,3,CAMPO LIMPO,178,137,41
2025,3,CANGAIBA,81,52,29
2025,3,CAPAO REDONDO,212,147,65
2025,3,CARRAO,33,16,17
2025,3,CASA VERDE,90,29,61
2025,3,CIDADE ADEMAR,92,47,45
2025,3,CIDADE DUTRA,372,67,305
2025,3,CIDADE LIDER,57,39,18
2025,3,CIDADE TIRADENTES,91,53,38
2025,3,CONSOLACAO,498,114,384
2025,3,CURSINO,76,45,31
2025,3,ERMELINO MATARAZZO,59,39,20
2025,3,FREGUESIA DO O,115,66,49
2025,3,GRAJAU,160,93,67
2025,3,GUAIANASES,76,48,28
2025,3,IGUATEMI,43,28,15
2025,3,IPIRANGA,213,92,121
2025,3,ITAIM BIBI,249,82,167
2025,3,ITAIM PAULISTA,119,71,48
2025,3,ITAQUERA,184,86,98
2025,3,JABAQUARA,138,73,65
2025,3,JACANA,59,27,32
2025,3,JAGUARA,27,15,12
2025,3,JAGUARE,34,21,13
2025,3,JARAGUA,81,57,24
2025,3,JARDIM ANGELA,180,143,37
2025,3,JARDIM HELENA,26,14,12
2025,3,JARDIM PAULISTA,211,64,147
2025,3,JARDIM SAO LUIS,143,87,56
2025,3,JOSE BONIFACIO,64,32,32
2025,3,LAJEADO,92,63,29
2025,3,LAPA,197,75,122
2025,3,LIBERDADE,202,32,170
2025,3,LIMAO,118,47,72
2025,3,MANDAQUI,40,22,18
2025,3,MARSILAC,3,2,1
2025,3,MOEMA,455,69,387
2025,3,MOOCA,101,33,68
2025,3,MORUMBI,44,22,22
2025,3,PARELHEIROS,38,24,14
2025,3,PARI,99,33,66
2025,3,PARQUE DO CARMO,51,31,20
2025,3,PEDREIRA,59,34,25
2025,3,PENHA,85,46,39
2025,3,PERDIZES,133,32,101
2025,3,PERUS,70,32,38
2025,3,PINHEIROS,505,164,341
2025,3,PIRITUBA,106,56,50
2025,3,PONTE RASA,48,28,20
2025,3,RAPOSO TAVARES,51,34,17
2025,3,REPUBLICA,769,218,551
2025,3,RIO PEQUENO,63,43,20
2025,3,SACOMA,136,81,55
2025,3,SANTA CECILIA,366,124,242
2025,3,SANTANA,299,79,220
2025,3,SANTO AMARO,204,76,128
2025,3,SAO DOMINGOS,43,24,19
2025,3,SAO LUCAS,44,28,16
2025,3,SAO MATEUS,136,82,54
2025,3,SAO MIGUEL,82,39,43
2025,3,SAO RAFAEL,52,38,14
2025,3,SAPOPEMBA,86,63,23
2025,3,SAUDE,98,57,41
2025,3,SE,323,100,223
2025,3,SOCORRO,50,23,27
2025,3,TATUAPE,209,80,129
2025,3,TREMEMBE,69,24,45
2025,3,TUCURUVI,72,26,46
2025,3,VILA ANDRADE,67,48,19
2025,3,VILA CURUCA,91,61,30
2025,3,VILA FORMOSA,52,24,28
2025,3,VILA GUILHERME,96,25,71
2025,3,VILA JACUI,70,40,30
2025,3,VILA LEOPOLDINA,56,23,33
2025,3,VILA MARIA,100,62,38
2025,3,VILA MARIANA,352,79,273
2025,3,VILA MATILDE,58,36,22
2025,3,VILA MEDEIROS,44,19,25
2025,3,VILA PRUDENTE,102,63,39
2025,3,VILA SONIA,65,34,31
2025,4,AGUA RASA,48,28,20
2025,4,ALTO DE PINHEIROS,24,9,15
2025,4,ANHANGUERA,24,9,15
2025,4,ARICANDUVA,44,25,19
2025,4,ARTUR ALVIM,47,24,24
2025,4,BARRA FUNDA,212,55,157
2025,4,BELA VISTA,180,42,138
2025,4,BELEM,110,26,84
2025,4,BOM RETIRO,218,48,170
2025,4,BRAS,260,63,197
2025,4,BRASILANDIA,83,44,39
2025,4,BUTANTA,97,38,59
2025,4,CACHOEIRINHA,68,22,46
2025,4,CAMBUCI,82,21,61
2025,4,CAMPO BELO,59,32,27
2025,4,CAMPO GRANDE,78,43,35
2025,4,CAMPO LIMPO,163,131,32
2025,4,CANGAIBA,66,35,31
2025,4,CAPAO REDONDO,247,179,68
2025,4,CARRAO,28,17,11
2025,4,CASA VERDE,69,32,37
2025,4,CIDADE ADEMAR,129,57,72
2025,4,CIDADE DUTRA,116,60,56
2025,4,CIDADE LIDER,48,27,21
2025,4,CIDADE TIRADENTES,125,82,43
2025,4,CONSOLACAO,273,66,207
2025,4,CURSINO,74,50,24
2025,4,ERMELINO MATARAZZO,63,34,29
2025,4,FREGUESIA DO O,93,51,42
2025,4,GRAJAU,153,81,72
2025,4,GUAIANASES,87,45,42
2025,4,IGUATEMI,52,34,18
2025,4,IPIRANGA,176,87,89
2025,4,ITAIM BIBI,323,98,225
2025,4,ITAIM PAULISTA,108,62,46
2025,4,ITAQUERA,144,77,67
2025,4,JABAQUARA,137,65,72
2025,4,JACANA,49,26,23
2025,4,JAGUARA,23,11,12
2025,4,JAGUARE,32,15,17
2025,4,JARAGUA,81,58,23
2025,4,JARDIM ANGELA,145,103,42
2025,4,JARDIM HELENA,50,27,23
2025,4,JARDIM PAULISTA,140,32,108
2025,4,JARDIM SAO LUIS,144,87,57
2025,4,JOSE BONIFACIO,53,25,28
2025,4,LAJEADO,93,68,25
2025,4,LAPA,163,52,111
2025,4,LIBERDADE,206,36,170
2025,4,LIMAO,94,30,64
2025,4,MANDAQUI,32,11,21
2025,4,MARSILAC,1,1,0
2025,4,MOEMA,142,43,99
2025,4,MOOCA,86,19,67
2025,4,MORUMBI,89,22,67
2025,4,PARELHEIROS,52,32,20
2025,4,PARI,94,31,63
2025,4,PARQUE DO CARMO,43,25,18
2025,4,PEDREIRA,62,44,18
2025,4,PENHA,88,44,44
2025,4,PERDIZES,133,39,94
2025,4,PERUS,79,32,47
2025,4,PINHEIROS,291,97,194
2025,4,PIRITUBA,80,36,44
2025,4,PONTE RASA,22,12,10
2025,4,RAPOSO TAVARES,59,50,9
2025,4,REPUBLICA,388,95,293
2025,4,RIO PEQUENO,72,50,22
2025,4,SACOMA,114,71,43
2025,4,SANTA CECILIA,223,45,178
2025,4,SANTANA,224,50,174
2025,4,SANTO AMARO,244,55,189
2025,4,SAO DOMINGOS,43,18,25
2025,4,SAO LUCAS,62,43,20
2025,4,SAO MATEUS,152,89,63
2025,4,SAO MIGUEL,104,39,65
2025,4,SAO RAFAEL,58,42,16
2025,4,SAPOPEMBA,82,60,22
2025,4,SAUDE,96,62,34
2025,4,SE,292,81,212
2025,4,SOCORRO,35,15,20
2025,4,TATUAPE,182,63,119
2025,4,TREMEMBE,72,39,33
2025,4,TUCURUVI,42,18,24
2025,4,VILA ANDRADE,66,39,27
2025,4,VILA CURUCA,79,47,32
2025,4,VILA FORMOSA,41,21,20
2025,4,VILA GUILHERME,103,19,84
2025,4,VILA JACUI,79,43,36
2025,4,VILA LEOPOLDINA,61,25,37
2025,4,VILA MARIA,108,54,54
2025,4,VILA MARIANA,221,73,148
2025,4,VILA MATILDE,55,33,22
2025,4,VILA MEDEIROS,43,21,22
2025,4,VILA PRUDENTE,131,78,54
2025,4,VILA SONIA,73,32,41
2025,5,AGUA RASA,35,16,19
2025,5,ALTO DE PINHEIROS,33,9,24
2025,5,ANHANGUERA,29,12,17
2025,5,ARICANDUVA,42,22,20
2025,5,ARTUR ALVIM,54,35,19
2025,5,BARRA FUNDA,241,50,191
2025,5,BELA VISTA,257,48,210
2025,5,BELEM,99,20,79
2025,5,BOM RETIRO,214,60,154
2025,5,BRAS,290,67,223
2025,5,BRASILANDIA,96,54,42
2025,5,BUTANTA,125,39,86
2025,5,CACHOEIRINHA,64,18,46
2025,5,CAMBUCI,114,33,81
2025,5,CAMPO BELO,65,21,44
2025,5,CAMPO GRANDE,104,61,43
2025,5,CAMPO LIMPO,178,153,25
2025,5,CANGAIBA,50,21,29
2025,5,CAPAO REDONDO,309,217,92
2025,5,CARRAO,31,18,13
2025,5,CASA VERDE,67,18,49
2025,5,CIDADE ADEMAR,102,53,49
2025,5,CIDADE DUTRA,255,72,183
2025,5,CIDADE LIDER,42,25,17
2025,5,CIDADE TIRADENTES,93,57,36
2025,5,CONSOLACAO,298,50,248
2025,5,CURSINO,111,65,46
2025,5,ERMELINO MATARAZZO,36,21,15
2025,5,FREGUESIA DO O,96,42,54
2025,5,GRAJAU,185,97,88
2025,5,GUAIANASES,133,62,71
2025,5,IGUATEMI,63,38,25
2025,5,IPIRANGA,170,69,101
2025,5,ITAIM BIBI,307,80,227
2025,5,ITAIM PAULISTA,127,75,52
2025,5,ITAQUERA,153,77,76
2025,5,JABAQUARA,127,59,68
2025,5,JACANA,38,23,15
2025,5,JAGUARA,32,12,20
2025,5,JAGUARE,36,15,21
2025,5,JARAGUA,75,47,28
2025,5,JARDIM ANGELA,218,171,47
2025,5,JARDIM HELENA,36,23,13
2025,5,JARDIM PAULISTA,163,52,111
2025,5,JARDIM SAO LUIS,163,102,61
2025,5,JOSE BONIFACIO,61,31,30
2025,5,LAJEADO,81,59,22
2025,5,LAPA,160,45,115
2025,5,LIBERDADE,204,50,154
2025,5,LIMAO,98,40,58
2025,5,MANDAQUI,43,12,31
2025,5,MARSILAC,4,2,2
2025,5,MOEMA,173,46,127
2025,5,MOOCA,89,24,65
2025,5,MORUMBI,102,20,82
2025,5,PARELHEIROS,61,39,22
2025,5,PARI,116,21,95
2025,5,PARQUE DO CARMO,46,20,26
2025,5,PEDREIRA,55,37,18
2025,5,PENHA,67,32,35
2025,5,PERDIZES,154,37,117
2025,5,PERUS,69,22,47
2025,5,PINHEIROS,356,98,258
2025,5,PIRITUBA,94,44,50
2025,5,PONTE RASA,24,16,8
2025,5,RAPOSO TAVARES,40,29,11
2025,5,REPUBLICA,536,143,393
2025,5,RIO PEQUENO,59,41,18
2025,5,SACOMA,129,82,47
2025,5,SANTA CECILIA,197,63,134
2025,5,SANTANA,219,54,165
2025,5,SANTO AMARO,258,71,187
2025,5,SAO DOMINGOS,35,19,16
2025,5,SAO LUCAS,47,32,15
2025,5,SAO MATEUS,111,69,42
2025,5,SAO MIGUEL,101,31,70
2025,5,SAO RAFAEL,46,31,15
2025,5,SAPOPEMBA,91,67,24
2025,5,SAUDE,126,78,48
2025,5,SE,389,86,303
2025,5,SOCORRO,41,16,25
2025,5,TATUAPE,187,66,123
2025,5,TREMEMBE,74,30,44
2025,5,TUCURUVI,60,23,37
2025,5,VILA ANDRADE,56,32,24
2025,5,VILA CURUCA,88,45,43
2025,5,VILA FORMOSA,50,18,32
2025,5,VILA GUILHERME,86,14,72
2025,5,VILA JACUI,78,44,34
2025,5,VILA LEOPOLDINA,47,12,35
2025,5,VILA MARIA,85,44,41
2025,5,VILA MARIANA,246,74,172
2025,5,VILA MATILDE,71,45,26
2025,5,VILA MEDEIROS,49,27,22
2025,5,VILA PRUDENTE,83,51,32
2025,5,VILA SONIA,77,21,56
2025,6,AGUA RASA,35,20,15
2025,6,ALTO DE PINHEIROS,36,12,24
2025,6,ANHANGUERA,22,10,12
2025,6,ARICANDUVA,34,17,17
2025,6,ARTUR ALVIM,50,23,27
2025,6,BARRA FUNDA,164,58,106
2025,6,BELA VISTA,403,66,337
2025,6,BELEM,94,31,63
2025,6,BOM RETIRO,248,54,195
2025,6,BRAS,346,56,290
2025,6,BRASILANDIA,91,49,42
2025,6,BUTANTA,101,37,64
2025,6,CACHOEIRINHA,67,18,49
2025,6,CAMBUCI,68,16,52
2025,6,CAMPO BELO,63,29,34
2025,6,CAMPO GRANDE,78,47,31
2025,6,CAMPO LIMPO,140,104,36
2025,6,CANGAIBA,44,23,21
2025,6,CAPAO REDONDO,205,158,47
2025,6,CARRAO,38,11,27
2025,6,CASA VERDE,83,31,53
2025,6,CIDADE ADEMAR,97,45,52
2025,6,CIDADE DUTRA,105,58,48
2025,6,CIDADE LIDER,48,27,21
2025,6,CIDADE TIRADENTES,85,55,30
2025,6,CONSOLACAO,588,86,502
2025,6,CURSINO,77,37,40
2025,6,ERMELINO MATARAZZO,39,23,16
2025,6,FREGUESIA DO O,90,39,51
2025,6,GRAJAU,153,89,64
2025,6,GUAIANASES,109,49,60
2025,6,IGUATEMI,41,16,25
2025,6,IPIRANGA,166,68,98
2025,6,ITAIM BIBI,283,86,198
2025,6,ITAIM PAULISTA,99,55,44
2025,6,ITAQUERA,243,71,172
2025,6,JABAQUARA,111,56,55
2025,6,JACANA,46,25,21
2025,6,JAGUARA,26,14,12
2025,6,JAGUARE,26,9,17
2025,6,JARAGUA,72,34,38
2025,6,JARDIM ANGELA,172,146,26
2025,6,JARDIM HELENA,26,13,13
2025,6,JARDIM PAULISTA,205,42,163
2025,6,JARDIM SAO LUIS,193,139,54
2025,6,JOSE BONIFACIO,60,38,22
2025,6,LAJEADO,94,61,33
2025,6,LAPA,149,47,102
2025,6,LIBERDADE,183,26,157
2025,6,LIMAO,91,26,65
2025,6,MANDAQUI,41,26,15
2025,6,MARSILAC,2,2,0
2025,6,MOEMA,120,34,86
2025,6,MOOCA,109,20,89
2025,6,MORUMBI,63,43,20
2025,6,PARELHEIROS,48,27,21
2025,6,PARI,124,40,84
2025,6,PARQUE DO CARMO,49,21,28
2025,6,PEDREIRA,51,38,13
2025,6,PENHA,86,40,46
2025,6,PERDIZES,129,29,100
2025,6,PERUS,56,27,29
2025,6,PINHEIROS,367,104,263
2025,6,PIRITUBA,104,51,53
2025,6,PONTE RASA,29,18,11
2025,6,RAPOSO TAVARES,46,35,11
2025,6,REPUBLICA,439,118,321
2025,6,RIO PEQUENO,52,31,21
2025,6,SACOMA,149,84,65
2025,6,SANTA CECILIA,164,66,98
2025,6,SANTANA,198,53,145
2025,6,SANTO AMARO,243,93,150
2025,6,SAO DOMINGOS,27,13,14
2025,6,SAO LUCAS,57,27,30
2025,6,SAO MATEUS,130,81,49
2025,6,SAO MIGUEL,83,40,43
2025,6,SAO RAFAEL,41,29,12
2025,6,SAPOPEMBA,80,55,25
2025,6,SAUDE,76,43,33
2025,6,SE,292,94,198
2025,6,SOCORRO,37,13,24
2025,6,TATUAPE,176,57,119
2025,6,TREMEMBE,56,26,30
2025,6,TUCURUVI,47,15,32
2025,6,VILA ANDRADE,100,63,37
2025,6,VILA CURUCA,64,34,30
2025,6,VILA FORMOSA,46,14,32
2025,6,VILA GUILHERME,74,13,61
2025,6,VILA JACUI,52,24,28
2025,6,VILA LEOPOLDINA,63,24,39
2025,6,VILA MARIA,115,54,61
2025,6,VILA MARIANA,212,62,150
2025,6,VILA MATILDE,51,27,24
2025,6,VILA MEDEIROS,40,16,24
2025,6,VILA PRUDENTE,104,54,50
2025,6,VILA SONIA,82,36,46
2025,7,AGUA RASA,61,30,31
2025,7,ALTO DE PINHEIROS,43,16,27
2025,7,ANHANGUERA,19,9,10
2025,7,ARICANDUVA,39,21,18
2025,7,ARTUR ALVIM,55,26,29
2025,7,BARRA FUNDA,191,40,151
2025,7,BELA VISTA,308,61,247
2025,7,BELEM,125,42,83
2025,7,BOM RETIRO,227,66,161
2025,7,BRAS,342,59,283
2025,7,BRASILANDIA,87,43,44
2025,7,BUTANTA,116,48,68
2025,7,CACHOEIRINHA,58,20,38
2025,7,CAMBUCI,79,20,59
2025,7,CAMPO BELO,63,31,32
2025,7,CAMPO GRANDE,107,66,41
2025,7,CAMPO LIMPO,171,132,39
2025,7,CANGAIBA,43,23,20
2025,7,CAPAO REDONDO,337,237,100
2025,7,CARRAO,30,13,17
2025,7,CASA VERDE,87,27,60
2025,7,CIDADE ADEMAR,87,43,44
2025,7,CIDADE DUTRA,123,62,61
2025,7,CIDADE LIDER,44,25,19
2025,7,CIDADE TIRADENTES,97,61,36
2025,7,CONSOLACAO,280,51,229
2025,7,CURSINO,109,41,69
2025,7,ERMELINO MATARAZZO,40,21,19
2025,7,FREGUESIA DO O,87,57,30
2025,7,GRAJAU,161,92,69
2025,7,GUAIANASES,105,47,58
2025,7,IGUATEMI,60,31,29
2025,7,IPIRANGA,220,72,148
2025,7,ITAIM BIBI,366,138,228
2025,7,ITAIM PAULISTA,110,56,54
2025,7,ITAQUERA,133,53,80
2025,7,JABAQUARA,111,60,51
2025,7,JACANA,38,23,15
2025,7,JAGUARA,27,13,14
2025,7,JAGUARE,38,13,25
2025,7,JARAGUA,75,47,28
2025,7,JARDIM ANGELA,252,205,47
2025,7,JARDIM HELENA,50,30,20
2025,7,JARDIM PAULISTA,170,48,122
2025,7,JARDIM SAO LUIS,219,141,78
2025,7,JOSE BONIFACIO,53,27,26
2025,7,LAJEADO,94,54,40
2025,7,LAPA,160,69,91
2025,7,LIBERDADE,224,40,184
2025,7,LIMAO,74,22,52
2025,7,MANDAQUI,37,10,27
2025,7,MOEMA,173,45,128
2025,7,MOOCA,141,34,107
2025,7,MORUMBI,90,41,49
2025,7,PARELHEIROS,40,25,15
2025,7,PARI,113,38,75
2025,7,PARQUE DO CARMO,64,26,38
2025,7,PEDREIRA,47,28,19
2025,7,PENHA,108,47,61
2025,7,PERDIZES,141,40,101
2025,7,PERUS,64,26,38
2025,7,PINHEIROS,410,131,279
2025,7,PIRITUBA,101,54,47
2025,7,PONTE RASA,30,19,11
2025,7,RAPOSO TAVARES,49,38,11
2025,7,REPUBLICA,362,116,246
2025,7,RIO PEQUENO,73,57,16
2025,7,SACOMA,125,55,70
2025,7,SANTA CECILIA,173,57,116
2025,7,SANTANA,231,73,158
2025,7,SANTO AMARO,276,89,187
2025,7,SAO DOMINGOS,44,27,17
2025,7,SAO LUCAS,28,18,10
2025,7,SAO MATEUS,136,73,63
2025,7,SAO MIGUEL,78,29,49
2025,7,SAO RAFAEL,55,38,17
2025,7,SAPOPEMBA,98,66,32
2025,7,SAUDE,94,53,41
2025,7,SE,357,76,281
2025,7,SOCORRO,57,30,27
2025,7,TATUAPE,184,66,118
2025,7,TREMEMBE,63,26,37
2025,7,TUCURUVI,39,11,28
2025,7,VILA ANDRADE,126,84,42
2025,7,VILA CURUCA,75,42,33
2025,7,VILA FORMOSA,48,26,22
2025,7,VILA GUILHERME,63,12,51
2025,7,VILA JACUI,68,39,29
2025,7,VILA LEOPOLDINA,57,17,40
2025,7,VILA MARIA,104,46,58
2025,7,VILA MARIANA,251,72,179
2025,7,VILA MATILDE,78,46,32
2025,7,VILA MEDEIROS,32,10,22
2025,7,VILA PRUDENTE,87,43,44
2025,7,VILA SONIA,54,18,36
2025,8,AGUA RASA,40,21,19
2025,8,ALTO DE PINHEIROS,33,15,18
2025,8,ANHANGUERA,33,12,21
2025,8,ARICANDUVA,34,17,17
2025,8,ARTUR ALVIM,41,21,20
2025,8,BARRA FUNDA,161,38,123
2025,8,BELA VISTA,368,75,293
2025,8,BELEM,143,34,109
2025,8,BOM RETIRO,178,40,138
2025,8,BRAS,332,67,265
2025,8,BRASILANDIA,82,43,39
2025,8,BUTANTA,89,20,69
2025,8,CACHOEIRINHA,55,18,37
2025,8,CAMBUCI,81,24,57
2025,8,CAMPO BELO,89,33,56
2025,8,CAMPO GRANDE,78,27,51
2025,8,CAMPO LIMPO,258,210,48
2025,8,CANGAIBA,62,29,33
2025,8,CAPAO REDONDO,356,275,81
2025,8,CARRAO,23,12,11
2025,8,CASA VERDE,78,32,46
2025,8,CIDADE ADEMAR,99,45,54
2025,8,CIDADE DUTRA,119,73,46
2025,8,CIDADE LIDER,24,14,10
2025,8,CIDADE TIRADENTES,104,63,41
2025,8,CONSOLACAO,347,66,281
2025,8,CURSINO,61,24,37
2025,8,ERMELINO MATARAZZO,31,17,14
2025,8,FREGUESIA DO O,85,43,42
2025,8,GRAJAU,184,109,75
2025,8,GUAIANASES,81,37,44
2025,8,IGUATEMI,44,24,20
2025,8,IPIRANGA,176,65,112
2025,8,ITAIM BIBI,324,110,214
2025,8,ITAIM PAULISTA,127,75,52
2025,8,ITAQUERA,140,52,88
2025,8,JABAQUARA,98,37,61
2025,8,JACANA,42,18,24
2025,8,JAGUARA,27,16,11
2025,8,JAGUARE,51,18,33
2025,8,JARAGUA,67,26,41
2025,8,JARDIM ANGELA,247,184,63
2025,8,JARDIM HELENA,30,16,14
2025,8,JARDIM PAULISTA,183,53,130
2025,8,JARDIM SAO LUIS,199,119,80
2025,8,JOSE BONIFACIO,56,29,27
2025,8,LAJEADO,62,32,30
2025,8,LAPA,153,58,95
2025,8,LIBERDADE,268,51,217
2025,8,LIMAO,82,37,45
2025,8,MANDAQUI,34,14,20
2025,8,MARSILAC,3,3,0
2025,8,MOEMA,166,40,126
2025,8,MOOCA,98,28,70
2025,8,MORUMBI,245,42,203
2025,8,PARELHEIROS,63,40,23
2025,8,PARI,124,37,87
2025,8,PARQUE DO CARMO,53,22,31
2025,8,PEDREIRA,41,29,12
2025,8,PENHA,104,43,61
2025,8,PERDIZES,118,24,94
2025,8,PERUS,65,26,40
2025,8,PINHEIROS,524,131,394
2025,8,PIRITUBA,89,41,48
2025,8,PONTE RASA,25,16,9
2025,8,RAPOSO TAVARES,48,35,13
2025,8,REPUBLICA,399,118,281
2025,8,RIO PEQUENO,56,37,19
2025,8,SACOMA,147,70,77
2025,8,SANTA CECILIA,179,43,136
2025,8,SANTANA,284,72,212
2025,8,SANTO AMARO,284,105,179
2025,8,SAO DOMINGOS,47,30,17
2025,8,SAO LUCAS,43,24,19
2025,8,SAO MATEUS,99,52,47
2025,8,SAO MIGUEL,92,29,63
2025,8,SAO RAFAEL,65,43,22
2025,8,SAPOPEMBA,66,44,22
2025,8,SAUDE,88,42,46
2025,8,SE,343,83,260
2025,8,SOCORRO,33,16,17
2025,8,TATUAPE,216,65,151
2025,8,TREMEMBE,60,26,34
2025,8,TUCURUVI,48,17,31
2025,8,VILA ANDRADE,95,58,38
2025,8,VILA CURUCA,76,35,41
2025,8,VILA FORMOSA,47,11,36
2025,8,VILA GUILHERME,89,21,68
2025,8,VILA JACUI,67,25,42
2025,8,VILA LEOPOLDINA,93,24,69
2025,8,VILA MARIA,87,33,54
2025,8,VILA MARIANA,237,68,169
2025,8,VILA MATILDE,51,31,20
2025,8,VILA MEDEIROS,29,14,15
2025,8,VILA PRUDENTE,104,37,67
2025,8,VILA SONIA,67,24,43
2025,9,AGUA RASA,31,10,21
2025,9,ALTO DE PINHEIROS,39,16,23
2025,9,ANHANGUERA,36,23,13
2025,9,ARICANDUVA,29,11,18
2025,9,ARTUR ALVIM,33,14,19
2025,9,BARRA FUNDA,204,52,152
2025,9,BELA VISTA,347,65,282
2025,9,BELEM,111,34,77
2025,9,BOM RETIRO,158,24,134
2025,9,BRAS,292,53,240
2025,9,BRASILANDIA,78,31,47
2025,9,BUTANTA,92,31,61
2025,9,CACHOEIRINHA,58,26,32
2025,9,CAMBUCI,85,13,72
2025,9,CAMPO BELO,68,35,33
2025,9,CAMPO GRANDE,95,39,56
2025,9,CAMPO LIMPO,191,147,44
2025,9,CANGAIBA,47,20,27
2025,9,CAPAO REDONDO,292,212,80
2025,9,CARRAO,26,9,17
2025,9,CASA VERDE,62,22,40
2025,9,CIDADE ADEMAR,121,73,48
2025,9,CIDADE DUTRA,836,83,753
2025,9,CIDADE LIDER,39,17,22
2025,9,CIDADE TIRADENTES,71,38,33
2025,9,CONSOLACAO,275,72,203
2025,9,CURSINO,72,29,43
2025,9,ERMELINO MATARAZZO,43,20,23
2025,9,FREGUESIA DO O,90,38,52
2025,9,GRAJAU,141,73,68
2025,9,GUAIANASES,86,46,40
2025,9,IGUATEMI,48,28,20
2025,9,IPIRANGA,141,38,103
2025,9,ITAIM BIBI,348,122,226
2025,9,ITAIM PAULISTA,77,36,41
2025,9,ITAQUERA,193,66,127
2025,9,JABAQUARA,124,61,63
2025,9,JACANA,43,16,27
2025,9,JAGUARA,19,10,9
2025,9,JAGUARE,34,14,20
2025,9,JARAGUA,55,21,34
2025,9,JARDIM ANGELA,187,147,40
2025,9,JARDIM HELENA,31,16,15
2025,9,JARDIM PAULISTA,205,57,148
2025,9,JARDIM SAO LUIS,167,99,68
2025,9,JOSE BONIFACIO,47,28,19
2025,9,LAJEADO,87,53,34
2025,9,LAPA,129,43,86
2025,9,LIBERDADE,218,36,182
2025,9,LIMAO,75,28,47
2025,9,MANDAQUI,36,14,22
2025,9,MARSILAC,1,0,1
2025,9,MOEMA,171,38,133
2025,9,MOOCA,82,20,63
2025,9,MORUMBI,182,32,150
2025,9,PARELHEIROS,45,31,14
2025,9,PARI,100,29,71
2025,9,PARQUE DO CARMO,52,26,26
2025,9,PEDREIRA,68,45,23
2025,9,PENHA,97,37,60
2025,9,PERDIZES,146,36,110
2025,9,PERUS,57,17,40
2025,9,PINHEIROS,508,126,382
2025,9,PIRITUBA,99,47,52
2025,9,PONTE RASA,28,16,12
2025,9,RAPOSO TAVARES,59,42,17
2025,9,REPUBLICA,350,115,235
2025,9,RIO PEQUENO,51,35,16
2025,9,SACOMA,102,42,60
2025,9,SANTA CECILIA,226,55,171
2025,9,SANTANA,264,54,210
2025,9,SANTO AMARO,311,119,192
2025,9,SAO DOMINGOS,53,35,18
2025,9,SAO LUCAS,50,31,19
2025,9,SAO MATEUS,102,44,58
2025,9,SAO MIGUEL,95,32,63
2025,9,SAO RAFAEL,44,27,17
2025,9,SAPOPEMBA,85,45,40
2025,9,SAUDE,99,60,39
2025,9,SE,308,78,230
2025,9,SOCORRO,82,26,56
2025,9,TATUAPE,196,63,133
2025,9,TREMEMBE,60,19,41
2025,9,TUCURUVI,52,20,32
2025,9,VILA ANDRADE,114,57,57
2025,9,VILA CURUCA,45,23,22
2025,9,VILA FORMOSA,44,13,31
2025,9,VILA GUILHERME,136,25,111
2025,9,VILA JACUI,74,36,38
2025,9,VILA LEOPOLDINA,75,15,60
2025,9,VILA MARIA,97,40,57
2025,9,VILA MARIANA,211,53,158
2025,9,VILA MATILDE,66,36,30
2025,9,VILA MEDEIROS,41,19,22
2025,9,VILA PRUDENTE,100,42,58
2025,9,VILA SONIA,78,36,42
2025,10,AGUA RASA,64,30,34
2025,10,ALTO DE PINHEIROS,40,21,19
2025,10,ANHANGUERA,32,20,12
2025,10,ARICANDUVA,41,17,24
2025,10,ARTUR ALVIM,54,30,24
2025,10,BARRA FUNDA,171,39,132
2025,10,BELA VISTA,269,59,211
2025,10,BELEM,104,20,84
2025,10,BOM RETIRO,212,49,163
2025,10,BRAS,272,50,222
2025,10,BRASILANDIA,85,46,39
2025,10,BUTANTA,90,33,57
2025,10,CACHOEIRINHA,58,22,36
2025,10,CAMBUCI,91,24,67
2025,10,CAMPO BELO,65,29,36
2025,10,CAMPO GRANDE,72,32,40
2025,10,CAMPO LIMPO,156,117,40
2025,10,CANGAIBA,47,24,23
2025,10,CAPAO REDONDO,314,234,80
2025,10,CARRAO,39,13,26
2025,10,CASA VERDE,78,23,55
2025,10,CIDADE ADEMAR,117,59,58
2025,10,CIDADE DUTRA,98,62,36
2025,10,CIDADE LIDER,40,19,21
2025,10,CIDADE TIRADENTES,94,55,39
2025,10,CONSOLACAO,304,68,236
2025,10,CURSINO,77,32,45
2025,10,ERMELINO MATARAZZO,39,14,25
2025,10,FREGUESIA DO O,95,41,54
2025,10,GRAJAU,138,74,64
2025,10,GUAIANASES,91,36,55
2025,10,IGUATEMI,46,24,22
2025,10,IPIRANGA,177,50,127
2025,10,ITAIM BIBI,384,111,273
2025,10,ITAIM PAULISTA,74,43,31
2025,10,ITAQUERA,118,61,57
2025,10,JABAQUARA,121,52,69
2025,10,JACANA,35,15,20
2025,10,JAGUARA,37,21,16
2025,10,JAGUARE,35,19,16
2025,10,JARAGUA,61,26,35
2025,10,JARDIM ANGELA,206,164,42
2025,10,JARDIM HELENA,46,32,14
2025,10,JARDIM PAULISTA,253,65,188
2025,10,JARDIM SAO LUIS,199,119,80
2025,10,JOSE BONIFACIO,42,14,28
2025,10,LAJEADO,78,38,40
2025,10,LAPA,142,62,80
2025,10,LIBERDADE,202,44,158
2025,10,LIMAO,80,29,51
2025,10,MANDAQUI,53,24,29
2025,10,MARSILAC,3,3,0
2025,10,MOEMA,189,45,144
2025,10,MOOCA,106,21,85
2025,10,MORUMBI,95,41,54
2025,10,PARELHEIROS,47,28,19
2025,10,PARI,217,33,184
2025,10,PARQUE DO CARMO,51,23,28
2025,10,PEDREIRA,51,26,25
2025,10,PENHA,106,54,52
2025,10,PERDIZES,180,47,133
2025,10,PERUS,49,23,26
2025,10,PINHEIROS,419,139,280
2025,10,PIRITUBA,92,42,50
2025,10,PONTE RASA,23,13,10
2025,10,RAPOSO TAVARES,44,25,19
2025,10,REPUBLICA,371,104,267
2025,10,RIO PEQUENO,74,51,23
2025,10,SACOMA,100,42,58
2025,10,SANTA CECILIA,176,53,123
2025,10,SANTANA,254,74,180
2025,10,SANTO AMARO,243,76,167
2025,10,SAO DOMINGOS,52,29,23
2025,10,SAO LUCAS,32,14,18
2025,10,SAO MATEUS,94,46,48
2025,10,SAO MIGUEL,92,31,61
2025,10,SAO RAFAEL,45,29,16
2025,10,SAPOPEMBA,62,28,34
2025,10,SAUDE,66,35,31
2025,10,SE,311,71,240
2025,10,SOCORRO,48,24,24
2025,10,TATUAPE,222,70,152
2025,10,TREMEMBE,52,17,35
2025,10,TUCURUVI,48,24,24
2025,10,VILA ANDRADE,118,59,59
2025,10,VILA CURUCA,59,23,36
2025,10,VILA FORMOSA,38,10,28
2025,10,VILA GUILHERME,67,17,50
2025,10,VILA JACUI,75,30,45
2025,10,VILA LEOPOLDINA,53,20,33
2025,10,VILA MARIA,82,38,44
2025,10,VILA MARIANA,260,86,174
2025,10,VILA MATILDE,51,23,28
2025,10,VILA MEDEIROS,46,17,29
2025,10,VILA PRUDENTE,61,23,38
2025,10,VILA SONIA,113,52,61
2025,11,AGUA RASA,45,17,28
2025,11,ALTO DE PINHEIROS,37,17,20
2025,11,ANHANGUERA,25,16,9
2025,11,ARICANDUVA,32,12,20
2025,11,ARTUR ALVIM,36,11,25
2025,11,BARRA FUNDA,245,45,200
2025,11,BELA VISTA,299,56,243
2025,11,BELEM,94,20,74
2025,11,BOM RETIRO,166,39,127
2025,11,BRAS,407,61,346
2025,11,BRASILANDIA,101,48,53
2025,11,BUTANTA,103,35,68
2025,11,CACHOEIRINHA,51,17,34
2025,11,CAMBUCI,79,21,58
2025,11,CAMPO BELO,45,21,24
2025,11,CAMPO GRANDE,62,23,39
2025,11,CAMPO LIMPO,164,110,54
2025,11,CANGAIBA,54,25,29
2025,11,CAPAO REDONDO,238,172,66
2025,11,CARRAO,31,9,22
2025,11,CASA VERDE,91,33,58
2025,11,CIDADE ADEMAR,112,59,53
2025,11,CIDADE DUTRA,106,58,48
2025,11,CIDADE LIDER,29,18,11
2025,11,CIDADE TIRADENTES,84,44,40
2025,11,CONSOLACAO,336,51,285
2025,11,CURSINO,63,38,25
2025,11,ERMELINO MATARAZZO,47,21,26
2025,11,FREGUESIA DO O,96,41,55
2025,11,GRAJAU,155,86,69
2025,11,GUAIANASES,67,30,37
2025,11,IGUATEMI,55,35,20
2025,11,IPIRANGA,188,47,141
2025,11,ITAIM BIBI,303,100,203
2025,11,ITAIM PAULISTA,88,44,44
2025,11,ITAQUERA,125,56,69
2025,11,JABAQUARA,111,47,64
2025,11,JACANA,26,17,9
2025,11,JAGUARA,22,15,7
2025,11,JAGUARE,29,12,17
2025,11,JARAGUA,74,44,30
2025,11,JARDIM ANGELA,176,143,33
2025,11,JARDIM HELENA,30,17,13
2025,11,JARDIM PAULISTA,247,85,162
2025,11,JARDIM SAO LUIS,150,91,59
2025,11,JOSE BONIFACIO,47,20,27
2025,11,LAJEADO,76,37,39
2025,11,LAPA,135,51,85
2025,11,LIBERDADE,172,33,139
2025,11,LIMAO,68,29,39
2025,11,MANDAQUI,43,21,22
2025,11,MARSILAC,2,1,1
2025,11,MOEMA,225,63,162
2025,11,MOOCA,112,20,92
2025,11,MORUMBI,215,35,180
2025,11,PARELHEIROS,38,23,15
2025,11,PARI,105,24,81
2025,11,PARQUE DO CARMO,54,20,34
2025,11,PEDREIRA,50,34,16
2025,11,PENHA,99,42,57
2025,11,PERDIZES,151,36,115
2025,11,PERUS,46,16,30
2025,11,PINHEIROS,566,178,388
2025,11,PIRITUBA,81,37,44
2025,11,PONTE RASA,32,15,17
2025,11,RAPOSO TAVARES,46,30,16
2025,11,REPUBLICA,369,97,272
2025,11,RIO PEQUENO,62,31,31
2025,11,SACOMA,98,44,54
2025,11,SANTA CECILIA,187,43,144
2025,11,SANTANA,206,68,138
2025,11,SANTO AMARO,299,94,205
2025,11,SAO DOMINGOS,53,36,17
2025,11,SAO LUCAS,47,27,20
2025,11,SAO MATEUS,99,44,55
2025,11,SAO MIGUEL,99,33,66
2025,11,SAO RAFAEL,31,22,9
2025,11,SAPOPEMBA,68,36,32
2025,11,SAUDE,75,35,40
2025,11,SE,305,81,224
2025,11,SOCORRO,38,17,21
2025,11,TATUAPE,148,43,105
2025,11,TREMEMBE,40,16,24
2025,11,TUCURUVI,55,19,36
2025,11,VILA ANDRADE,94,49,45
2025,11,VILA CURUCA,51,21,30
2025,11,VILA FORMOSA,48,19,29
2025,11,VILA GUILHERME,76,14,62
2025,11,VILA JACUI,61,28,33
2025,11,VILA LEOPOLDINA,43,13,30
2025,11,VILA MARIA,70,27,43
2025,11,VILA MARIANA,254,63,191
2025,11,VILA MATILDE,42,18,24
2025,11,VILA MEDEIROS,41,13,28
2025,11,VILA PRUDENTE,84,35,49
2025,11,VILA SONIA,65,27,38
2025,12,AGUA RASA,29,14,15
2025,12,ALTO DE PINHEIROS,53,30,23
2025,12,ANHANGUERA,20,13,7
2025,12,ARICANDUVA,47,27,20
2025,12,ARTUR ALVIM,73,21,52
2025,12,BARRA FUNDA,190,54,136
2025,12,BELA VISTA,361,64,297
2025,12,BELEM,98,29,69
2025,12,BOM RETIRO,138,28,110
2025,12,BRAS,529,63,467
2025,12,BRASILANDIA,100,61,39
2025,12,BUTANTA,91,38,53
2025,12,CACHOEIRINHA,48,19,29
2025,12,CAMBUCI,67,16,51
2025,12,CAMPO BELO,69,31,38
2025,12,CAMPO GRANDE,119,54,65
2025,12,CAMPO LIMPO,148,115,33
2025,12,CANGAIBA,44,23,21
2025,12,CAPAO REDONDO,220,171,50
2025,12,CARRAO,40,20,20
2025,12,CASA VERDE,51,13,38
2025,12,CIDADE ADEMAR,109,59,50
2025,12,CIDADE DUTRA,67,37,30
2025,12,CIDADE LIDER,41,18,23
2025,12,CIDADE TIRADENTES,67,42,25
2025,12,CONSOLACAO,323,69,254
2025,12,CURSINO,77,32,45
2025,12,ERMELINO MATARAZZO,41,20,21
2025,12,FREGUESIA DO O,73,42,31
2025,12,GRAJAU,103,59,44
2025,12,GUAIANASES,75,30,45
2025,12,IGUATEMI,48,29,19
2025,12,IPIRANGA,166,70,96
2025,12,ITAIM BIBI,254,82,173
2025,12,ITAIM PAULISTA,83,45,38
2025,12,ITAQUERA,123,57,66
2025,12,JABAQUARA,102,42,60
2025,12,JACANA,37,15,22
2025,12,JAGUARA,25,22,3
2025,12,JAGUARE,30,12,18
2025,12,JARAGUA,64,34,30
2025,12,JARDIM ANGELA,165,121,44
2025,12,JARDIM HELENA,29,12,17
2025,12,JARDIM PAULISTA,252,76,176
2025,12,JARDIM SAO LUIS,137,91,46
2025,12,JOSE BONIFACIO,28,11,17
2025,12,LAJEADO,65,32,33
2025,12,LAPA,157,56,101
2025,12,LIBERDADE,165,46,120
2025,12,LIMAO,45,17,28
2025,12,MANDAQUI,34,25,9
2025,12,MARSILAC,5,5,0
2025,12,MOEMA,139,33,106
2025,12,MOOCA,77,16,61
2025,12,MORUMBI,44,20,24
2025,12,PARELHEIROS,35,21,14
2025,12,PARI,100,26,74
2025,12,PARQUE DO CARMO,54,19,35
2025,12,PEDREIRA,53,27,26
2025,12,PENHA,69,41,28
2025,12,PERDIZES,93,38,55
2025,12,PERUS,35,13,22
2025,12,PINHEIROS,470,148,322
2025,12,PIRITUBA,74,43,31
2025,12,PONTE RASA,23,10,13
2025,12,RAPOSO TAVARES,43,28,15
2025,12,REPUBLICA,403,126,278
2025,12,RIO PEQUENO,47,30,17
2025,12,SACOMA,99,46,53
2025,12,SANTA CECILIA,171,52,119
2025,12,SANTANA,205,69,136
2025,12,SANTO AMARO,246,91,155
2025,12,SAO DOMINGOS,29,22,7
2025,12,SAO LUCAS,30,17,13
2025,12,SAO MATEUS,107,46,61
2025,12,SAO MIGUEL,85,29,56
2025,12,SAO RAFAEL,52,28,24
2025,12,SAPOPEMBA,82,42,40
2025,12,SAUDE,69,26,43
2025,12,SE,290,73,217
2025,12,SOCORRO,34,15,19
2025,12,TATUAPE,147,42,105
2025,12,TREMEMBE,42,14,28
2025,12,TUCURUVI,50,17,33
2025,12,VILA ANDRADE,83,55,28
2025,12,VILA CURUCA,51,20,31
2025,12,VILA FORMOSA,50,18,32
2025,12,VILA GUILHERME,78,28,50
2025,12,VILA JACUI,79,30,49
2025,12,VILA LEOPOLDINA,58,27,31
2025,12,VILA MARIA,79,39,40
2025,12,VILA MARIANA,214,69,145
2025,12,VILA MATILDE,58,37,21
2025,12,VILA MEDEIROS,25,13,12
2025,12,VILA PRUDENTE,82,33,49
2025,12,VILA SONIA,57,30,27
