ano_ocorrencia,mes_ocorrencia,subprefeitura_geosampa,subtracoes_total,roubos,furtos
2025,1,ARICANDUVA-FORMOSA-CARRAO,139,82,58
2025,1,BUTANTA,313,170,143
2025,1,CAMPO LIMPO,470,330,140
2025,1,CAPELA DO SOCORRO,306,190,116
2025,1,CASA VERDE-LIMAO-CACHOEIRINHA,188,71,117
2025,1,CIDADE ADEMAR,162,105,57
2025,1,CIDADE TIRADENTES,113,83,30
2025,1,ERMELINO MATARAZZO,76,47,29
2025,1,FREGUESIA-BRASILANDIA,161,81,80
2025,1,GUAIANASES,227,167,60
2025,1,IPIRANGA,408,218,190
2025,1,ITAIM PAULISTA,199,132,67
2025,1,ITAQUERA,334,215,119
2025,1,JABAQUARA,108,63,45
2025,1,JACANA-TREMEMBE,111,62,49
2025,1,LAPA,501,154,347
2025,1,M BOI MIRIM,276,179,97
2025,1,MOOCA,654,195,460
2025,1,PARELHEIROS,54,35,19
2025,1,PENHA,242,129,113
2025,1,PERUS-ANHANGUERA,62,28,34
2025,1,PINHEIROS,855,292,564
2025,1,PIRITUBA-JARAGUA,204,117,87
2025,1,SANTANA-TUCURUVI,351,136,215
2025,1,SANTO AMARO,309,126,183
2025,1,SAO MATEUS,262,196,66
2025,1,SAO MIGUEL,203,112,91
2025,1,SAPOPEMBA,136,105,31
2025,1,SE,2225,556,1669
2025,1,VILA MARIA-VILA GUILHERME,185,87,99
2025,1,VILA MARIANA,398,151,247
2025,1,VILA PRUDENTE,213,155,59
2025,2,ARICANDUVA-FORMOSA-CARRAO,129,74,55
2025,2,BUTANTA,409,199,210
2025,2,CAMPO LIMPO,447,336,111
2025,2,CAPELA DO SOCORRO,291,166,125
2025,2,CASA VERDE-LIMAO-CACHOEIRINHA,220,76,144
2025,2,CIDADE ADEMAR,139,75,64
2025,2,CIDADE TIRADENTES,90,52,38
2025,2,ERMELINO MATARAZZO,83,53,30
2025,2,FREGUESIA-BRASILANDIA,183,91,92
2025,2,GUAIANASES,174,103,71
2025,2,IPIRANGA,397,218,179
2025,2,ITAIM PAULISTA,138,84,54
2025,2,ITAQUERA,356,187,170
2025,2,JABAQUARA,139,75,64
2025,2,JACANA-TREMEMBE,118,49,69
2025,2,LAPA,718,236,482
2025,2,M BOI MIRIM,271,179,92
2025,2,MOOCA,719,200,520
2025,2,PARELHEIROS,36,24,12
2025,2,PENHA,278,164,114
2025,2,PERUS-ANHANGUERA,99,44,55
2025,2,PINHEIROS,1017,347,670
2025,2,PIRITUBA-JARAGUA,186,107,79
2025,2,SANTANA-TUCURUVI,347,91,256
2025,2,SANTO AMARO,380,145,235
2025,2,SAO MATEUS,256,177,79
2025,2,SAO MIGUEL,201,108,93
2025,2,SAPOPEMBA,89,64,25
2025,2,SE,2222,599,1626
2025,2,VILA MARIA-VILA GUILHERME,195,74,121
2025,2,VILA MARIANA,448,159,289
2025,2,VILA PRUDENTE,173,118,55
2025,3,ARICANDUVA-FORMOSA-CARRAO,124,64,60
2025,3,BUTANTA,350,197,153
2025,3,CAMPO LIMPO,457,332,125
2025,3,CAPELA DO SOCORRO,582,183,399
2025,3,CASA VERDE-LIMAO-CACHOEIRINHA,268,94,175
2025,3,CIDADE ADEMAR,151,81,70
2025,3,CIDADE TIRADENTES,91,53,38
2025,3,ERMELINO MATARAZZO,107,67,40
2025,3,FREGUESIA-BRASILANDIA,207,116,91
2025,3,GUAIANASES,168,111,57
2025,3,IPIRANGA,425,218,207
2025,3,ITAIM PAULISTA,210,132,78
2025,3,ITAQUERA,356,188,168
2025,3,JABAQUARA,138,73,65
2025,3,JACANA-TREMEMBE,128,51,77
2025,3,LAPA,791,273,518
2025,3,M BOI MIRIM,323,230,93
2025,3,MOOCA,826,270,556
2025,3,PARELHEIROS,41,26,15
2025,3,PENHA,314,173,141
2025,3,PERUS-ANHANGUERA,103,47,56
2025,3,PINHEIROS,1009,329,680
2025,3,PIRITUBA-JARAGUA,230,137,93
2025,3,SANTANA-TUCURUVI,411,127,284
2025,3,SANTO AMARO,346,150,196
2025,3,SAO MATEUS,231,148,83
2025,3,SAO MIGUEL,178,93,85
2025,3,SAPOPEMBA,86,63,23
2025,3,SE,2826,748,2078
2025,3,VILA MARIA-VILA GUILHERME,240,106,134
2025,3,VILA MARIANA,905,205,701
2025,3,VILA PRUDENTE,146,91,55
2025,4,ARICANDUVA-FORMOSA-CARRAO,113,63,50
2025,4,BUTANTA,390,192,198
2025,4,CAMPO LIMPO,476,349,127
2025,4,CAPELA DO SOCORRO,304,156,148
2025,4,CASA VERDE-LIMAO-CACHOEIRINHA,231,84,147
2025,4,CIDADE ADEMAR,191,101,90
2025,4,CIDADE TIRADENTES,125,82,43
2025,4,ERMELINO MATARAZZO,85,46,39
2025,4,FREGUESIA-BRASILANDIA,176,95,81
2025,4,GUAIANASES,180,113,67
2025,4,IPIRANGA,364,208,156
2025,4,ITAIM PAULISTA,187,109,78
2025,4,ITAQUERA,288,154,134
2025,4,JABAQUARA,137,65,72
2025,4,JACANA-TREMEMBE,121,65,56
2025,4,LAPA,624,197,428
2025,4,M BOI MIRIM,289,190,99
2025,4,MOOCA,780,230,550
2025,4,PARELHEIROS,53,33,20
2025,4,PENHA,256,136,121
2025,4,PERUS-ANHANGUERA,103,41,62
2025,4,PINHEIROS,778,236,542
2025,4,PIRITUBA-JARAGUA,204,112,92
2025,4,SANTANA-TUCURUVI,298,79,219
2025,4,SANTO AMARO,381,130,251
2025,4,SAO MATEUS,262,165,97
2025,4,SAO MIGUEL,233,109,124
2025,4,SAPOPEMBA,82,60,22
2025,4,SE,1862,434,1429
2025,4,VILA MARIA-VILA GUILHERME,254,94,160
2025,4,VILA MARIANA,459,178,281
2025,4,VILA PRUDENTE,193,121,74
2025,5,ARICANDUVA-FORMOSA-CARRAO,123,58,65
2025,5,BUTANTA,403,150,253
2025,5,CAMPO LIMPO,543,402,141
2025,5,CAPELA DO SOCORRO,481,185,296
2025,5,CASA VERDE-LIMAO-CACHOEIRINHA,229,76,153
2025,5,CIDADE ADEMAR,157,90,67
2025,5,CIDADE TIRADENTES,93,57,36
2025,5,ERMELINO MATARAZZO,60,37,23
2025,5,FREGUESIA-BRASILANDIA,192,96,96
2025,5,GUAIANASES,214,121,93
2025,5,IPIRANGA,410,216,194
2025,5,ITAIM PAULISTA,215,120,95
2025,5,ITAQUERA,302,153,149
2025,5,JABAQUARA,127,59,68
2025,5,JACANA-TREMEMBE,112,53,59
2025,5,LAPA,670,171,499
2025,5,M BOI MIRIM,381,273,108
2025,5,MOOCA,816,214,604
2025,5,PARELHEIROS,65,41,24
2025,5,PENHA,242,133,109
2025,5,PERUS-ANHANGUERA,98,34,64
2025,5,PINHEIROS,859,239,620
2025,5,PIRITUBA-JARAGUA,204,110,94
2025,5,SANTANA-TUCURUVI,322,89,233
2025,5,SANTO AMARO,427,153,274
2025,5,SAO MATEUS,220,138,82
2025,5,SAO MIGUEL,215,98,117
2025,5,SAPOPEMBA,91,67,24
2025,5,SE,2209,533,1677
2025,5,VILA MARIA-VILA GUILHERME,220,85,135
2025,5,VILA MARIANA,545,198,347
2025,5,VILA PRUDENTE,130,83,47
2025,6,ARICANDUVA-FORMOSA-CARRAO,118,42,76
2025,6,BUTANTA,344,182,162
2025,6,CAMPO LIMPO,445,325,120
2025,6,CAPELA DO SOCORRO,295,160,136
2025,6,CASA VERDE-LIMAO-CACHOEIRINHA,241,75,167
2025,6,CIDADE ADEMAR,148,83,65
2025,6,CIDADE TIRADENTES,85,55,30
2025,6,ERMELINO MATARAZZO,68,41,27
2025,6,FREGUESIA-BRASILANDIA,181,88,93
2025,6,GUAIANASES,203,110,93
2025,6,IPIRANGA,392,189,203
2025,6,ITAIM PAULISTA,163,89,74
2025,6,ITAQUERA,400,157,243
2025,6,JABAQUARA,111,56,55
2025,6,JACANA-TREMEMBE,102,51,51
2025,6,LAPA,557,181,376
2025,6,M BOI MIRIM,365,285,80
2025,6,MOOCA,884,224,660
2025,6,PARELHEIROS,50,29,21
2025,6,PENHA,231,113,118
2025,6,PERUS-ANHANGUERA,78,37,41
2025,6,PINHEIROS,891,244,648
2025,6,PIRITUBA-JARAGUA,203,98,105
2025,6,SANTANA-TUCURUVI,286,94,192
2025,6,SANTO AMARO,384,169,215
2025,6,SAO MATEUS,212,126,86
2025,6,SAO MIGUEL,161,77,84
2025,6,SAPOPEMBA,80,55,25
2025,6,SE,2385,526,1860
2025,6,VILA MARIA-VILA GUILHERME,229,83,146
2025,6,VILA MARIANA,408,139,269
2025,6,VILA PRUDENTE,161,81,80
2025,7,ARICANDUVA-FORMOSA-CARRAO,117,60,57
2025,7,BUTANTA,382,202,180
2025,7,CAMPO LIMPO,634,453,181
2025,7,CAPELA DO SOCORRO,341,184,157
2025,7,CASA VERDE-LIMAO-CACHOEIRINHA,219,69,150
2025,7,CIDADE ADEMAR,134,71,63
2025,7,CIDADE TIRADENTES,97,61,36
2025,7,ERMELINO MATARAZZO,70,40,30
2025,7,FREGUESIA-BRASILANDIA,174,100,74
2025,7,GUAIANASES,199,101,98
2025,7,IPIRANGA,454,168,287
2025,7,ITAIM PAULISTA,185,98,87
2025,7,ITAQUERA,294,131,163
2025,7,JABAQUARA,111,60,51
2025,7,JACANA-TREMEMBE,101,49,52
2025,7,LAPA,614,192,422
2025,7,M BOI MIRIM,471,346,125
2025,7,MOOCA,966,269,697
2025,7,PARELHEIROS,40,25,15
2025,7,PENHA,284,142,142
2025,7,PERUS-ANHANGUERA,83,35,48
2025,7,PINHEIROS,989,333,656
2025,7,PIRITUBA-JARAGUA,220,128,92
2025,7,SANTANA-TUCURUVI,307,94,213
2025,7,SANTO AMARO,446,186,260
2025,7,SAO MATEUS,251,142,109
2025,7,SAO MIGUEL,196,98,98
2025,7,SAPOPEMBA,98,66,32
2025,7,SE,2010,487,1523
2025,7,VILA MARIA-VILA GUILHERME,199,68,131
2025,7,VILA MARIANA,518,170,348
2025,7,VILA PRUDENTE,115,61,54
2025,8,ARICANDUVA-FORMOSA-CARRAO,104,40,64
2025,8,BUTANTA,505,158,347
2025,8,CAMPO LIMPO,709,543,167
2025,8,CAPELA DO SOCORRO,336,198,138
2025,8,CASA VERDE-LIMAO-CACHOEIRINHA,215,87,128
2025,8,CIDADE ADEMAR,140,74,66
2025,8,CIDADE TIRADENTES,104,63,41
2025,8,ERMELINO MATARAZZO,56,33,23
2025,8,FREGUESIA-BRASILANDIA,167,86,81
2025,8,GUAIANASES,143,69,74
2025,8,IPIRANGA,384,159,226
2025,8,ITAIM PAULISTA,203,110,93
2025,8,ITAQUERA,273,117,156
2025,8,JABAQUARA,98,37,61
2025,8,JACANA-TREMEMBE,102,44,58
2025,8,LAPA,603,178,425
2025,8,M BOI MIRIM,446,303,143
2025,8,MOOCA,953,252,701
2025,8,PARELHEIROS,66,43,23
2025,8,PENHA,258,124,134
2025,8,PERUS-ANHANGUERA,98,38,61
2025,8,PINHEIROS,1064,309,756
2025,8,PIRITUBA-JARAGUA,203,97,106
2025,8,SANTANA-TUCURUVI,366,103,263
2025,8,SANTO AMARO,451,165,286
2025,8,SAO MATEUS,208,119,89
2025,8,SAO MIGUEL,189,70,119
2025,8,SAPOPEMBA,66,44,22
2025,8,SE,2163,500,1663
2025,8,VILA MARIA-VILA GUILHERME,205,68,137
2025,8,VILA MARIANA,491,150,341
2025,8,VILA PRUDENTE,147,61,86
2025,9,ARICANDUVA-FORMOSA-CARRAO,99,33,66
2025,9,BUTANTA,462,176,286
2025,9,CAMPO LIMPO,597,416,181
2025,9,CAPELA DO SOCORRO,1059,182,877
2025,9,CASA VERDE-LIMAO-CACHOEIRINHA,195,76,119
2025,9,CIDADE ADEMAR,189,118,71
2025,9,CIDADE TIRADENTES,71,38,33
2025,9,ERMELINO MATARAZZO,71,36,35
2025,9,FREGUESIA-BRASILANDIA,168,69,99
2025,9,GUAIANASES,173,99,74
2025,9,IPIRANGA,315,109,206
2025,9,ITAIM PAULISTA,122,59,63
2025,9,ITAQUERA,331,137,194
2025,9,JABAQUARA,124,61,63
2025,9,JACANA-TREMEMBE,103,35,68
2025,9,LAPA,607,170,437
2025,9,M BOI MIRIM,354,246,108
2025,9,MOOCA,812,209,605
2025,9,PARELHEIROS,46,31,15
2025,9,PENHA,243,107,136
2025,9,PERUS-ANHANGUERA,93,40,53
2025,9,PINHEIROS,1100,321,779
2025,9,PIRITUBA-JARAGUA,207,103,104
2025,9,SANTANA-TUCURUVI,352,88,264
2025,9,SANTO AMARO,474,193,281
2025,9,SAO MATEUS,194,99,95
2025,9,SAO MIGUEL,200,84,116
2025,9,SAPOPEMBA,85,45,40
2025,9,SE,1967,458,1509
2025,9,VILA MARIA-VILA GUILHERME,274,84,190
2025,9,VILA MARIANA,481,151,330
2025,9,VILA PRUDENTE,150,73,77
2025,10,ARICANDUVA-FORMOSA-CARRAO,118,40,78
2025,10,BUTANTA,416,202,214
2025,10,CAMPO LIMPO,588,410,179
2025,10,CAPELA DO SOCORRO,284,160,124
2025,10,CASA VERDE-LIMAO-CACHOEIRINHA,216,74,142
2025,10,CIDADE ADEMAR,168,85,83
2025,10,CIDADE TIRADENTES,94,55,39
2025,10,ERMELINO MATARAZZO,62,27,35
2025,10,FREGUESIA-BRASILANDIA,180,87,93
2025,10,GUAIANASES,169,74,95
2025,10,IPIRANGA,354,124,230
2025,10,ITAIM PAULISTA,133,66,67
2025,10,ITAQUERA,251,117,134
2025,10,JABAQUARA,121,52,69
2025,10,JACANA-TREMEMBE,87,32,55
2025,10,LAPA,618,208,410
2025,10,M BOI MIRIM,405,283,122
2025,10,MOOCA,985,224,761
2025,10,PARELHEIROS,50,31,19
2025,10,PENHA,258,131,127
2025,10,PERUS-ANHANGUERA,81,43,38
2025,10,PINHEIROS,1096,336,760
2025,10,PIRITUBA-JARAGUA,205,97,108
2025,10,SANTANA-TUCURUVI,355,122,233
2025,10,SANTO AMARO,380,137,243
2025,10,SAO MATEUS,185,99,86
2025,10,SAO MIGUEL,213,93,120
2025,10,SAPOPEMBA,62,28,34
2025,10,SE,1936,472,1465
2025,10,VILA MARIA-VILA GUILHERME,195,72,123
2025,10,VILA MARIANA,515,166,349
2025,10,VILA PRUDENTE,93,37,56
2025,11,ARICANDUVA-FORMOSA-CARRAO,111,40,71
2025,11,BUTANTA,491,158,333
2025,11,CAMPO LIMPO,496,331,165
2025,11,CAPELA DO SOCORRO,299,161,138
2025,11,CASA VERDE-LIMAO-CACHOEIRINHA,210,79,131
2025,11,CIDADE ADEMAR,162,93,69
2025,11,CIDADE TIRADENTES,84,44,40
2025,11,ERMELINO MATARAZZO,79,36,43
2025,11,FREGUESIA-BRASILANDIA,197,89,108
2025,11,GUAIANASES,143,67,76
2025,11,IPIRANGA,349,129,220
2025,11,ITAIM PAULISTA,139,65,74
2025,11,ITAQUERA,255,114,141
2025,11,JABAQUARA,111,47,64
2025,11,JACANA-TREMEMBE,66,33,33
2025,11,LAPA,625,172,454
2025,11,M BOI MIRIM,326,234,92
2025,11,MOOCA,911,185,726
2025,11,PARELHEIROS,40,24,16
2025,11,PENHA,231,96,135
2025,11,PERUS-ANHANGUERA,71,32,39
2025,11,PINHEIROS,1153,380,773
2025,11,PIRITUBA-JARAGUA,208,117,91
2025,11,SANTANA-TUCURUVI,304,108,196
2025,11,SANTO AMARO,406,138,268
2025,11,SAO MATEUS,185,101,84
2025,11,SAO MIGUEL,190,78,112
2025,11,SAPOPEMBA,68,36,32
2025,11,SE,1913,421,1492
2025,11,VILA MARIA-VILA GUILHERME,187,54,133
2025,11,VILA MARIANA,554,161,393
2025,11,VILA PRUDENTE,131,62,69
2025,12,ARICANDUVA-FORMOSA-CARRAO,137,65,72
2025,12,BUTANTA,282,146,136
2025,12,CAMPO LIMPO,451,341,111
2025,12,CAPELA DO SOCORRO,204,111,93
2025,12,CASA VERDE-LIMAO-CACHOEIRINHA,144,49,95
2025,12,CIDADE ADEMAR,162,86,76
2025,12,CIDADE TIRADENTES,67,42,25
2025,12,ERMELINO MATARAZZO,64,30,34
2025,12,FREGUESIA-BRASILANDIA,173,103,70
2025,12,GUAIANASES,140,62,78
2025,12,IPIRANGA,342,148,194
2025,12,ITAIM PAULISTA,134,65,69
2025,12,ITAQUERA,246,105,141
2025,12,JABAQUARA,102,42,60
2025,12,JACANA-TREMEMBE,79,29,50
2025,12,LAPA,553,209,344
2025,12,M BOI MIRIM,302,212,90
2025,12,MOOCA,980,190,791
2025,12,PARELHEIROS,40,26,14
2025,12,PENHA,244,122,122
2025,12,PERUS-ANHANGUERA,55,26,29
2025,12,PINHEIROS,1029,336,694
2025,12,PIRITUBA-JARAGUA,167,99,68
2025,12,SANTANA-TUCURUVI,289,111,178
2025,12,SANTO AMARO,434,176,258
2025,12,SAO MATEUS,207,103,104
2025,12,SAO MIGUEL,193,71,122
2025,12,SAPOPEMBA,82,42,40
2025,12,SE,1918,474,1446
2025,12,VILA MARIA-VILA GUILHERME,182,80,102
2025,12,VILA MARIANA,422,128,294
2025,12,VILA PRUDENTE,112,50,62
